{"errors":[],"warnings":[],"namedChunkGroups":{"polyfill":{"chunks":[1,7],"assets":["webpack-runtime-94cf802913e06f493381.js","webpack-runtime-94cf802913e06f493381.js.map","polyfill-ebfb94a646281a6ab908.js","polyfill-ebfb94a646281a6ab908.js.map"],"children":{},"childAssets":{}},"app":{"chunks":[1,0,6,2],"assets":["webpack-runtime-94cf802913e06f493381.js","webpack-runtime-94cf802913e06f493381.js.map","styles.3aacb6dd472010576a88.css","styles-407fe62976dc5310c43e.js","styles-407fe62976dc5310c43e.js.map","framework-d066f55745d479a55fde.js","framework-d066f55745d479a55fde.js.map","app-15f3233132a3e679c3d6.js","app-15f3233132a3e679c3d6.js.map"],"children":{},"childAssets":{}},"component---src-pages-about-jsx":{"chunks":[3],"assets":["component---src-pages-about-jsx-2cb1fe662640434f2871.js","component---src-pages-about-jsx-2cb1fe662640434f2871.js.map"],"children":{},"childAssets":{}},"component---src-pages-contact-jsx":{"chunks":[4],"assets":["component---src-pages-contact-jsx-2145d55fe0268d1aeed9.js","component---src-pages-contact-jsx-2145d55fe0268d1aeed9.js.map"],"children":{},"childAssets":{}},"component---src-pages-index-jsx":{"chunks":[0,5],"assets":["styles.3aacb6dd472010576a88.css","styles-407fe62976dc5310c43e.js","styles-407fe62976dc5310c43e.js.map","component---src-pages-index-jsx-34341e4bef09ba0bc2c3.js","component---src-pages-index-jsx-34341e4bef09ba0bc2c3.js.map"],"children":{},"childAssets":{}}},"assetsByChunkName":{"polyfill":["webpack-runtime-94cf802913e06f493381.js","polyfill-ebfb94a646281a6ab908.js"],"app":["webpack-runtime-94cf802913e06f493381.js","styles.3aacb6dd472010576a88.css","styles-407fe62976dc5310c43e.js","framework-d066f55745d479a55fde.js","app-15f3233132a3e679c3d6.js"],"component---src-pages-about-jsx":["component---src-pages-about-jsx-2cb1fe662640434f2871.js"],"component---src-pages-contact-jsx":["component---src-pages-contact-jsx-2145d55fe0268d1aeed9.js"],"component---src-pages-index-jsx":["styles.3aacb6dd472010576a88.css","styles-407fe62976dc5310c43e.js","component---src-pages-index-jsx-34341e4bef09ba0bc2c3.js"]}}