{"errors":[],"warnings":[],"namedChunkGroups":{"polyfill":{"chunks":[1,8],"assets":["webpack-runtime-b2d6d47b2d750925f9f5.js","webpack-runtime-b2d6d47b2d750925f9f5.js.map","polyfill-57a55a7da0bb7c435111.js","polyfill-57a55a7da0bb7c435111.js.map"],"children":{},"childAssets":{}},"app":{"chunks":[1,0,7,2],"assets":["webpack-runtime-b2d6d47b2d750925f9f5.js","webpack-runtime-b2d6d47b2d750925f9f5.js.map","styles.9e0674afa5be91b18ee6.css","styles-407fe62976dc5310c43e.js","styles-407fe62976dc5310c43e.js.map","framework-83e11af5cf111be5ad89.js","framework-83e11af5cf111be5ad89.js.map","app-6ecf96a6131da3d82a26.js","app-6ecf96a6131da3d82a26.js.map"],"children":{},"childAssets":{}},"component---src-pages-about-jsx":{"chunks":[3],"assets":["component---src-pages-about-jsx-2cb1fe662640434f2871.js","component---src-pages-about-jsx-2cb1fe662640434f2871.js.map"],"children":{},"childAssets":{}},"component---src-pages-contact-jsx":{"chunks":[4],"assets":["component---src-pages-contact-jsx-2145d55fe0268d1aeed9.js","component---src-pages-contact-jsx-2145d55fe0268d1aeed9.js.map"],"children":{},"childAssets":{}},"component---src-pages-index-jsx":{"chunks":[0,5],"assets":["styles.9e0674afa5be91b18ee6.css","styles-407fe62976dc5310c43e.js","styles-407fe62976dc5310c43e.js.map","component---src-pages-index-jsx-9033a180634953f1ae25.js","component---src-pages-index-jsx-9033a180634953f1ae25.js.map"],"children":{},"childAssets":{}},"component---src-pages-thank-you-jsx":{"chunks":[0,6],"assets":["styles.9e0674afa5be91b18ee6.css","styles-407fe62976dc5310c43e.js","styles-407fe62976dc5310c43e.js.map","component---src-pages-thank-you-jsx-7a2befa88c852d2ee7a6.js","component---src-pages-thank-you-jsx-7a2befa88c852d2ee7a6.js.map"],"children":{},"childAssets":{}}},"assetsByChunkName":{"polyfill":["webpack-runtime-b2d6d47b2d750925f9f5.js","polyfill-57a55a7da0bb7c435111.js"],"app":["webpack-runtime-b2d6d47b2d750925f9f5.js","styles.9e0674afa5be91b18ee6.css","styles-407fe62976dc5310c43e.js","framework-83e11af5cf111be5ad89.js","app-6ecf96a6131da3d82a26.js"],"component---src-pages-about-jsx":["component---src-pages-about-jsx-2cb1fe662640434f2871.js"],"component---src-pages-contact-jsx":["component---src-pages-contact-jsx-2145d55fe0268d1aeed9.js"],"component---src-pages-index-jsx":["styles.9e0674afa5be91b18ee6.css","styles-407fe62976dc5310c43e.js","component---src-pages-index-jsx-9033a180634953f1ae25.js"],"component---src-pages-thank-you-jsx":["styles.9e0674afa5be91b18ee6.css","styles-407fe62976dc5310c43e.js","component---src-pages-thank-you-jsx-7a2befa88c852d2ee7a6.js"]}}